Timestamp,Station_ID,Name,PM25_Raw,PM25_Corrected
2026-03-26 22:24,A254464,Calle 18,13,6.81
2026-03-26 22:43,A254464,Calle 18,13,6.81
2026-03-26 22:49,A254464,Calle 18,29,15.2
2026-03-26 23:12,A254464,Calle 18,38,19.91
2026-03-26 23:19,A254464,Calle 18,33,17.29
2026-03-26 23:27,A471607,Lahore,129,67.6
2026-03-26 23:27,A576556,Punjab University,172,90.13
2026-03-26 23:27,A254464,Calle 18,29,15.2
2026-03-26 23:33,A471607,Lahore,129,67.6
2026-03-26 23:33,A254464,Calle 18,25,13.1
2026-03-26 23:35,A471607,Lahore,129,67.6
2026-03-26 23:35,A254464,Calle 18,25,13.1
2026-03-26 23:43,A471607,Lahore,129,67.6
2026-03-26 23:43,A254464,Calle 18,25,13.1
2026-03-26 23:45,A471607,Lahore,129,67.6
2026-03-26 23:46,A254464,Calle 18,29,15.2
2026-03-27 02:37,A471607,Lahore,123,64.45
2026-03-27 02:37,A254464,Calle 18,65,34.06
2026-03-27 05:09,A471607,Lahore,158,82.79
2026-03-27 05:09,A254464,Calle 18,29,15.2
2026-03-27 07:12,A471607,Lahore,111,58.16
2026-03-27 07:12,A254464,Calle 18,33,17.29
2026-03-27 08:13,A471607,Lahore,84,44.02
2026-03-27 08:13,A254464,Calle 18,29,15.2
2026-03-27 08:57,A471607,Lahore,72,37.73
2026-03-27 08:57,A254464,Calle 18,21,11.0
2026-03-27 09:59,A471607,Lahore,71,37.2
2026-03-27 09:59,A254464,Calle 18,25,13.1
2026-03-27 10:59,A471607,Lahore,70,36.68
2026-03-27 10:59,A254464,Calle 18,46,24.1
2026-03-27 11:51,A471607,Lahore,64,33.54
2026-03-27 11:51,A254464,Calle 18,42,22.01
2026-03-27 13:12,A471607,Lahore,60,31.44
2026-03-27 13:12,A254464,Calle 18,46,24.1
2026-03-27 14:53,A471607,Lahore,57,29.87
2026-03-27 14:53,A254464,Calle 18,25,13.1
2026-03-27 15:56,A471607,Lahore,63,33.01
2026-03-27 15:56,A254464,Calle 18,29,15.2
2026-03-27 17:00,A471607,Lahore,72,37.73
2026-03-27 17:00,A254464,Calle 18,46,24.1
2026-03-27 18:59,A471607,Lahore,95,49.78
2026-03-27 18:59,A254464,Calle 18,29,15.2
2026-03-27 19:45,A471607,Lahore,108,56.59
2026-03-27 19:45,A254464,Calle 18,25,13.1
2026-03-27 20:42,A471607,Lahore,128,67.07
2026-03-27 20:42,A254464,Calle 18,21,11.0
2026-03-27 21:38,A471607,Lahore,150,78.6
2026-03-27 21:38,A254464,Calle 18,21,11.0
2026-03-27 22:35,A471607,Lahore,155,81.22
2026-03-27 22:35,A254464,Calle 18,25,13.1
2026-03-27 23:35,A471607,Lahore,157,82.27
2026-03-27 23:35,A254464,Calle 18,33,17.29
2026-03-28 02:27,A471607,Lahore,166,86.98
2026-03-28 02:27,A254464,Calle 18,54,28.3
2026-03-28 04:55,A471607,Lahore,162,84.89
2026-03-28 04:55,A254464,Calle 18,56,29.34
2026-03-28 05:59,A471607,Lahore,145,75.98
2026-03-28 05:59,A254464,Calle 18,50,26.2
2026-03-28 07:11,A471607,Lahore,123,64.45
2026-03-28 07:11,A254464,Calle 18,50,26.2
